Method,Test Misclassification Errors
Logistic,0.1048951048951049
Ridge,0.13986013986013987
Lasso,0.11888111888111888
Decision Tree,0.9825174825174825
Random Forest,0.013986013986013986
Boosting,0.07692307692307693
